img,provider,name,price_actual,price_real,discount,category
https://assets.jumpseller.com/store/tienda-gamer-medellin/themes/534705/placeholder-image-product-block_square.jpg?1696286846,BLACK SHARK,MAKO RGB - BLACK SHARK,152000,160000,-5,Mouses
https://assets.jumpseller.com/store/tienda-gamer-medellin/themes/534705/placeholder-image-product-block_square.jpg?1696286846,BLACK SHARK,MAKO INALAMBRICO RGB - BLACK SHARK,247000,260000,-5,Mouses
https://assets.jumpseller.com/store/tienda-gamer-medellin/themes/534705/placeholder-image-product-block_square.jpg?1696286846,REDRAGON,RANGER BASIC USB RGB - REDRAGON,152000,160000,-5,Mouses
https://assets.jumpseller.com/store/tienda-gamer-medellin/themes/534705/placeholder-image-product-block_square.jpg?1696286846,REDRAGON,RANGER INALAMBRICO RGB WHITE - REDRAGON,228000,240000,-5,Mouses
https://assets.jumpseller.com/store/tienda-gamer-medellin/themes/534705/placeholder-image-product-block_square.jpg?1696286846,REDRAGON,RANGER INALAMBRICO RGB BLACK - REDRAGON,228000,240000,-5,Mouses
https://assets.jumpseller.com/store/tienda-gamer-medellin/themes/534705/placeholder-image-product-block_square.jpg?1696286846,REDRAGON,CENTHROPHORUS WHITE RGB - REDRAGON,171000,180000,-5,Mouses
https://assets.jumpseller.com/store/tienda-gamer-medellin/themes/534705/placeholder-image-product-block_square.jpg?1696286846,REDRAGON,CENTROPHORUS 2 RGB - REDRAGON,114000,120000,-5,Mouses
https://assets.jumpseller.com/store/tienda-gamer-medellin/themes/534705/placeholder-image-product-block_square.jpg?1696286846,REDRAGON,GRIFFIN WHITE SPECIAL EDITION - REDRAGON,171000,180000,-5,Mouses
https://assets.jumpseller.com/store/tienda-gamer-medellin/themes/534705/placeholder-image-product-block_square.jpg?1696286846,REDRAGON,GRIFFIN RGB - REDRAGON,171000,180000,-5,Mouses
https://assets.jumpseller.com/store/tienda-gamer-medellin/themes/534705/placeholder-image-product-block_square.jpg?1696286846,REDRAGON,PREDATOR RGB - REDRAGON,152000,160000,-5,Mouses
https://assets.jumpseller.com/store/tienda-gamer-medellin/themes/534705/placeholder-image-product-block_square.jpg?1696286846,REDRAGON,COBRA FPS RGB - REDRAGON,190000,200000,-5,Mouses
https://assets.jumpseller.com/store/tienda-gamer-medellin/themes/534705/placeholder-image-product-block_square.jpg?1696286846,REDRAGON,COBRA WHITE RGB - REDRAGON,152000,160000,-5,Mouses
https://assets.jumpseller.com/store/tienda-gamer-medellin/themes/534705/placeholder-image-product-block_square.jpg?1696286846,REDRAGON,COBRA RGB BLACK - REDRAGON,152000,160000,-5,Mouses
https://assets.jumpseller.com/store/tienda-gamer-medellin/themes/534705/placeholder-image-product-block_square.jpg?1696286846,REDRAGON,NEMEALION CHROMA RGB - REDRAGON,171000,180000,-5,Mouses
https://assets.jumpseller.com/store/tienda-gamer-medellin/themes/534705/placeholder-image-product-block_square.jpg?1696286846,REDRAGON,TAIPAN PRO INALAMBRICO RGB - REDRAGON,266000,280000,-5,Mouses
https://assets.jumpseller.com/store/tienda-gamer-medellin/themes/534705/placeholder-image-product-block_square.jpg?1696286846,REDRAGON,PERDITION RGB WHITE - REDRAGON,285000,300000,-5,Mouses
https://assets.jumpseller.com/store/tienda-gamer-medellin/themes/534705/placeholder-image-product-block_square.jpg?1696286846,REDRAGON,PERDITION RGB MOBA - REDRAGON,285000,300000,-5,Mouses
https://assets.jumpseller.com/store/tienda-gamer-medellin/themes/534705/placeholder-image-product-block_square.jpg?1696286846,REDRAGON,STORM ELITE RGB - REDRAGON,190000,200000,-5,Mouses
https://assets.jumpseller.com/store/tienda-gamer-medellin/themes/534705/placeholder-image-product-block_square.jpg?1696286846,REDRAGON,STORM ELITE WHITE SPECIAL RGB - REDRAGON,190000,200000,-5,Mouses
https://assets.jumpseller.com/store/tienda-gamer-medellin/themes/534705/placeholder-image-product-block_square.jpg?1696286846,REDRAGON,STORM PRO WIRELESS BLACK RGB - REDRAGON,285000,300000,-5,Mouses
https://assets.jumpseller.com/store/tienda-gamer-medellin/themes/534705/placeholder-image-product-block_square.jpg?1696286846,REDRAGON,STORM PRO WIRELESS WHITE RGB - REDRAGON,285000,300000,-5,Mouses
https://assets.jumpseller.com/store/tienda-gamer-medellin/themes/534705/placeholder-image-product-block_square.jpg?1696286846,FANTECH,BLAKE RGB BLACK EDITION RGB,209000,220000,-5,Mouses
https://assets.jumpseller.com/store/tienda-gamer-medellin/themes/534705/placeholder-image-product-block_square.jpg?1696286846,FANTECH,BLAKE RGB SAKURA PINK - FANTECH,190000,200000,-5,Mouses
https://assets.jumpseller.com/store/tienda-gamer-medellin/themes/534705/placeholder-image-product-block_square.jpg?1696286846,FANTECH,THOR 2 RGB - FANTECH,114000,120000,-5,Mouses
https://assets.jumpseller.com/store/tienda-gamer-medellin/themes/534705/placeholder-image-product-block_square.jpg?1696286846,FANTECH,THOR X9 MULTICOLOR - FANTECH,114000,120000,-5,Mouses
https://assets.jumpseller.com/store/tienda-gamer-medellin/themes/534705/placeholder-image-product-block_square.jpg?1696286846,FANTECH,ZEUS X5s RGB - FANTECH,114000,120000,-5,Mouses
https://assets.jumpseller.com/store/tienda-gamer-medellin/themes/534705/placeholder-image-product-block_square.jpg?1696286846,FANTECH,DAREDEVIL RGB - FANTECH,209000,220000,-5,Mouses
https://assets.jumpseller.com/store/tienda-gamer-medellin/themes/534705/placeholder-image-product-block_square.jpg?1696286846,ASUS,ROG STRIX KERIS EVA INALAMBRICO - ASUS,817000,860000,-5,Mouses
https://assets.jumpseller.com/store/tienda-gamer-medellin/themes/534705/placeholder-image-product-block_square.jpg?1696286846,THERMALTAKE,NEROS RGB - THERMALTAKE,133000,140000,-5,Mouses
https://assets.jumpseller.com/store/tienda-gamer-medellin/themes/534705/placeholder-image-product-block_square.jpg?1696286846,,SLINGER SHOT MERA EDITION - XPG,266000,280000,-5,Mouses
https://assets.jumpseller.com/store/tienda-gamer-medellin/themes/534705/placeholder-image-product-block_square.jpg?1696286846,XPG,PRIMER GAMING RGB - XPG,171000,180000,-5,Mouses
https://assets.jumpseller.com/store/tienda-gamer-medellin/themes/534705/placeholder-image-product-block_square.jpg?1696286846,HYPERX,PULSE FIRE FPS PRO RGB - HYPERX,285000,300000,-5,Mouses
https://assets.jumpseller.com/store/tienda-gamer-medellin/themes/534705/placeholder-image-product-block_square.jpg?1696286846,COOLER MASTER,MM711 WHITE MATE - COOLER MASTER,266000,280000,-5,Mouses
https://assets.jumpseller.com/store/tienda-gamer-medellin/themes/534705/placeholder-image-product-block_square.jpg?1696286846,RAZER,BASILISK V3 RGB USB  - RAZER,361000,380000,-5,Mouses
https://assets.jumpseller.com/store/tienda-gamer-medellin/themes/534705/placeholder-image-product-block_square.jpg?1696286846,RAZER,BASILISK V3 PRO RGB INALAMBRICO WHITE / BLACK - RAZER,703000,740000,-5,Mouses
https://assets.jumpseller.com/store/tienda-gamer-medellin/themes/534705/placeholder-image-product-block_square.jpg?1696286846,RAZER,BASILISK V3 X HYPERSPEED RGB INALAMBRICO - RAZER,437000,460000,-5,Mouses
https://assets.jumpseller.com/store/tienda-gamer-medellin/themes/534705/placeholder-image-product-block_square.jpg?1696286846,RAZER,MOUSE COBRA RGB USB - RAZER,285000,300000,-5,Mouses
https://assets.jumpseller.com/store/tienda-gamer-medellin/themes/534705/placeholder-image-product-block_square.jpg?1696286846,RAZER,VIPER 8K HZ - RAZER,380000,400000,-5,Mouses
https://assets.jumpseller.com/store/tienda-gamer-medellin/themes/534705/placeholder-image-product-block_square.jpg?1696286846,,VIPER ULTIMATE MERCURY INALAMBRICO - RAZER,646000,680000,-5,Mouses
https://assets.jumpseller.com/store/tienda-gamer-medellin/themes/534705/placeholder-image-product-block_square.jpg?1696286846,RAZER,VIPER V2 PRO HYPERSPEED WIRELESS WHITE - RAZER,665000,700000,-5,Mouses
https://assets.jumpseller.com/store/tienda-gamer-medellin/themes/534705/placeholder-image-product-block_square.jpg?1696286846,RAZER,DEATHADDER ESSENCIAL BLACK - RAZER ,190000,200000,-5,Mouses
https://assets.jumpseller.com/store/tienda-gamer-medellin/themes/534705/placeholder-image-product-block_square.jpg?1696286846,RAZER,DEATHADDER ESSENTIAL WHITE - RAZER,171000,180000,-5,Mouses
https://assets.jumpseller.com/store/tienda-gamer-medellin/themes/534705/placeholder-image-product-block_square.jpg?1696286846,RAZER,DEATHADDER V2 MINI RGB - RAZER,190000,200000,-5,Mouses
https://assets.jumpseller.com/store/tienda-gamer-medellin/themes/534705/placeholder-image-product-block_square.jpg?1696286846,RAZER,DEATHADDER V2 SPECIAL RGB - RAZER,399000,420000,-5,Mouses
https://assets.jumpseller.com/store/tienda-gamer-medellin/themes/534705/placeholder-image-product-block_square.jpg?1696286846,RAZER,DEATHADDER V2 X HYPERSPEED INALAMRBICO - RAZER,380000,400000,-5,Mouses
https://assets.jumpseller.com/store/tienda-gamer-medellin/themes/534705/placeholder-image-product-block_square.jpg?1696286846,RAZER,DEATHADDER V3 - RAZER,437000,460000,-5,Mouses
https://assets.jumpseller.com/store/tienda-gamer-medellin/themes/534705/placeholder-image-product-block_square.jpg?1696286846,RAZER,VIPER V2 PRO HYPERSPEED RGB - RAZER,798000,840000,-5,Mouses
https://assets.jumpseller.com/store/tienda-gamer-medellin/themes/534705/placeholder-image-product-block_square.jpg?1696286846,ROCCAT,KONE XP RGB BLACK - ROCCAT ,399000,420000,-5,Mouses
https://assets.jumpseller.com/store/tienda-gamer-medellin/themes/534705/placeholder-image-product-block_square.jpg?1696286846,ROCCAT,KONE XP WHITE RGB - ROCCAT,399000,420000,-5,Mouses
https://assets.jumpseller.com/store/tienda-gamer-medellin/themes/534705/placeholder-image-product-block_square.jpg?1696286846,ROCCAT,BURST PRO WHITE RGB - ROCCAT,266000,280000,-5,Mouses
https://assets.jumpseller.com/store/tienda-gamer-medellin/themes/534705/placeholder-image-product-block_square.jpg?1696286846,ROCCAT,BURST PRO BLACK RGB - ROCCAT,266000,280000,-5,Mouses
https://assets.jumpseller.com/store/tienda-gamer-medellin/themes/534705/placeholder-image-product-block_square.jpg?1696286846,COUGAR,MINOX PINK RGB - COUGAR,171000,180000,-5,Mouses
https://assets.jumpseller.com/store/tienda-gamer-medellin/themes/534705/placeholder-image-product-block_square.jpg?1696286846,COUGAR,SURPASSION RGB - COUGAR,247000,260000,-5,Mouses
https://assets.jumpseller.com/store/tienda-gamer-medellin/themes/534705/placeholder-image-product-block_square.jpg?1696286846,COUGAR,SURPASSION RX WIRELESS RGB - COUGAR,304000,320000,-5,Mouses
https://assets.jumpseller.com/store/tienda-gamer-medellin/themes/534705/placeholder-image-product-block_square.jpg?1696286846,GXT,STRIKE INALAMBRICO SLIM RGB - GXT,133000,140000,-5,Mouses
https://assets.jumpseller.com/store/tienda-gamer-medellin/themes/534705/placeholder-image-product-block_square.jpg?1696286846,VSG,AQUILA AIR - VSG,190000,200000,-5,Mouses
https://assets.jumpseller.com/store/tienda-gamer-medellin/themes/534705/placeholder-image-product-block_square.jpg?1696286846,VSG,AURORA COLORS RGB - VSG,152000,160000,-5,Mouses
https://assets.jumpseller.com/store/tienda-gamer-medellin/themes/534705/placeholder-image-product-block_square.jpg?1696286846,VSG,DIODE GAMING RGB - VSG,133000,140000,-5,Mouses
https://assets.jumpseller.com/store/tienda-gamer-medellin/themes/534705/placeholder-image-product-block_square.jpg?1696286846,LOGI,G203 LIGHTSYNC RGB COLORS - LOGI,142500,150000,-5,Mouses
https://assets.jumpseller.com/store/tienda-gamer-medellin/themes/534705/placeholder-image-product-block_square.jpg?1696286846,LOGI,G PRO X WHITE SUPERLIGHT RED - LOGI,703000,740000,-5,Mouses
https://assets.jumpseller.com/store/tienda-gamer-medellin/themes/534705/placeholder-image-product-block_square.jpg?1696286846,LOGI,G PRO X WHITE SUPERLIGHT WHITE - LOGI,703000,740000,-5,Mouses
https://assets.jumpseller.com/store/tienda-gamer-medellin/themes/534705/placeholder-image-product-block_square.jpg?1696286846,LOGI,G305 KDA WIRELESS RGB - LOGI,247000,260000,-5,Mouses
https://assets.jumpseller.com/store/tienda-gamer-medellin/themes/534705/placeholder-image-product-block_square.jpg?1696286846,LOGI,G305 INALAMBRICO COLORS - LOGI,247000,260000,-5,Mouses
https://assets.jumpseller.com/store/tienda-gamer-medellin/themes/534705/placeholder-image-product-block_square.jpg?1696286846,LOGI,G705 INALAMBRICO - LOGI,513000,540000,-5,Mouses
https://assets.jumpseller.com/store/tienda-gamer-medellin/themes/534705/placeholder-image-product-block_square.jpg?1696286846,LOGI,G PRO RGB - LOGI,304000,320000,-5,Mouses
https://assets.jumpseller.com/store/tienda-gamer-medellin/themes/534705/placeholder-image-product-block_square.jpg?1696286846,LOGI,G403 LIGHTSYNC HERO RGB - LOGI,304000,320000,-5,Mouses
https://assets.jumpseller.com/store/tienda-gamer-medellin/themes/534705/placeholder-image-product-block_square.jpg?1696286846,LOGI,G502 HERO RGB USB - LOGI,342000,360000,-5,Mouses
https://assets.jumpseller.com/store/tienda-gamer-medellin/themes/534705/placeholder-image-product-block_square.jpg?1696286846,LOGI,G502 X HERO - LOGI,323000,340000,-5,Mouses
https://assets.jumpseller.com/store/tienda-gamer-medellin/themes/534705/placeholder-image-product-block_square.jpg?1696286846,LOGI,G502 LIGHTSPEED INALAMBRICO RGB - LOGI,589000,620000,-5,Mouses
https://assets.jumpseller.com/store/tienda-gamer-medellin/themes/534705/placeholder-image-product-block_square.jpg?1696286846,LOGI,G603 LIGHTSPEED INALAMBRICO - LOGI,361000,380000,-5,Mouses
https://assets.jumpseller.com/store/tienda-gamer-medellin/themes/534705/placeholder-image-product-block_square.jpg?1696286846,LOGI,INALAMBRICO POP COLOR AMARILLO - LOGI,190000,200000,-5,Mouses
https://assets.jumpseller.com/store/tienda-gamer-medellin/themes/534705/placeholder-image-product-block_square.jpg?1696286846,LOGI,INALAMBRICO POP COLOR ROSA - LOGI,190000,200000,-5,Mouses
https://assets.jumpseller.com/store/tienda-gamer-medellin/themes/534705/placeholder-image-product-block_square.jpg?1696286846,LOGI,INALAMBRICO POP COLOR LILA VERDE - LOGI,190000,200000,-5,Mouses
https://assets.jumpseller.com/store/tienda-gamer-medellin/themes/534705/placeholder-image-product-block_square.jpg?1696286846,LOGI,MOUSE INALAMBRICO SYNC COLORS - LOGI ,152000,160000,-5,Mouses
https://assets.jumpseller.com/store/tienda-gamer-medellin/themes/534705/placeholder-image-product-block_square.jpg?1696286846,,G PRO INALAMRBICO - LOGI,627000,660000,-5,Mouses
https://assets.jumpseller.com/store/tienda-gamer-medellin/themes/534705/placeholder-image-product-block_square.jpg?1696286846,GXT,MOUSE ERGONOMICO RGB USB - GXT,171000,180000,-5,Mouses
https://assets.jumpseller.com/store/tienda-gamer-medellin/themes/534705/placeholder-image-product-block_square.jpg?1696286846,,MOUSE ERGONOMICO INALAMBRICO - GXT,190000,200000,-5,Mouses
https://assets.jumpseller.com/store/tienda-gamer-medellin/themes/534705/placeholder-image-product-block_square.jpg?1696286846,LOGI,STUDIO M650 INALAMBRICO - LOGI,247000,260000,-5,Mouses
https://assets.jumpseller.com/store/tienda-gamer-medellin/themes/534705/placeholder-image-product-block_square.jpg?1696286846,LOGI,G PRO X WHITE SUPERLIGHT BLACK- LOGI,703000,740000,-5,Mouses
https://assets.jumpseller.com/store/tienda-gamer-medellin/themes/534705/placeholder-image-product-block_square.jpg?1696286846,ASUS,CONSOLA ROG ALLY + 16GBS RAM + 120HZ - ASUS,3990000,4200000,-5,PC portatiles
https://assets.jumpseller.com/store/tienda-gamer-medellin/themes/534705/placeholder-image-product-block_square.jpg?1696286846,ULTIMATE,BASE PORTATIL ARGB 4 FANS - ULTIMATE PRO,152000,160000,-5,PC portatiles
https://assets.jumpseller.com/store/tienda-gamer-medellin/themes/534705/placeholder-image-product-block_square.jpg?1696286846,ACER ASPIRE,RYZEN 5 7250U + RADEON 610M - ACER,2850000,3000000,-5,PC portatiles
https://assets.jumpseller.com/store/tienda-gamer-medellin/themes/534705/placeholder-image-product-block_square.jpg?1696286846,ACER NITRO GAMER,CORE I5 11400H + GTX 1650 - ACER NITRO,4180000,4400000,-5,PC portatiles
https://assets.jumpseller.com/store/tienda-gamer-medellin/themes/534705/placeholder-image-product-block_square.jpg?1696286846,ACER,CORE I5 11400 + RTX 3050 - ACER NITRO,4655000,4900000,-5,PC portatiles
https://assets.jumpseller.com/store/tienda-gamer-medellin/themes/534705/placeholder-image-product-block_square.jpg?1696286846,ASUS VIVOBOOK,RYZEN 5 7520U + RX VEGA - ASUS VIVO,2850000,3000000,-5,PC portatiles
https://assets.jumpseller.com/store/tienda-gamer-medellin/themes/534705/placeholder-image-product-block_square.jpg?1696286846,ASUS VIVO,RYZEN 7 7730U + RX VEGA - ASUS VIVOBOOK,3515000,3700000,-5,PC portatiles
https://assets.jumpseller.com/store/tienda-gamer-medellin/themes/534705/placeholder-image-product-block_square.jpg?1696286846,ASUS VIVOBOOK,RYZEN 7 5700U + RX VEGA - VIVOBOOK,3990000,4200000,-5,PC portatiles
https://assets.jumpseller.com/store/tienda-gamer-medellin/themes/534705/placeholder-image-product-block_square.jpg?1696286846,ASUS,RYZEN 7 5800H + RTX 3050 OLED - ASUS VIVOBOOK,4940000,5200000,-5,PC portatiles
https://assets.jumpseller.com/store/tienda-gamer-medellin/themes/534705/placeholder-image-product-block_square.jpg?1696286846,ASUS VIVOBOOK OLED,CORE I7 11370H + RTX 3050 - VIVOBOOK OLED,4750000,5000000,-5,PC portatiles
https://assets.jumpseller.com/store/tienda-gamer-medellin/themes/534705/placeholder-image-product-block_square.jpg?1696286846,ASUS TUF,RYZEN 7 7735HS + RTX 4050 - ASUS TUF A15,6080000,6400000,-5,PC portatiles
https://assets.jumpseller.com/store/tienda-gamer-medellin/themes/534705/placeholder-image-product-block_square.jpg?1696286846,ASUS,RYZEN 5 5800H + RTX 3060 - TUF GAMING,6840000,7200000,-5,PC portatiles
https://assets.jumpseller.com/store/tienda-gamer-medellin/themes/534705/placeholder-image-product-block_square.jpg?1696286846,ASUS STRIX,RYZEN 7 6800H + RTX 3060 - ASUS STRIX,6650000,7000000,-5,PC portatiles
https://assets.jumpseller.com/store/tienda-gamer-medellin/themes/534705/placeholder-image-product-block_square.jpg?1696286846,ASUS,RYZEN 7 4800H + RTX 3050 - ROG STRIX ASUS,6460000,6800000,-5,PC portatiles
https://assets.jumpseller.com/store/tienda-gamer-medellin/themes/534705/placeholder-image-product-block_square.jpg?1696286846,AORUS,CORE I7 12700H + RTX 3070 TI - AORUS 17 XE,9025000,9500000,-5,PC portatiles
https://assets.jumpseller.com/store/tienda-gamer-medellin/themes/534705/placeholder-image-product-block_square.jpg?1696286846,GIGABYTE,CORE I7 12700H / RTX 3060 - AERO 5 KE4,9975000,10500000,-5,PC portatiles
https://assets.jumpseller.com/store/tienda-gamer-medellin/themes/534705/placeholder-image-product-block_square.jpg?1696286846,GIGABYTE,CORE I7 12700H / RTX 3060 - AERO 16 KE5,11400000,12000000,-5,PC portatiles
https://assets.jumpseller.com/store/tienda-gamer-medellin/themes/534705/placeholder-image-product-block_square.jpg?1696286846,GIGABYTE,CORE I7 12700H / RTX 3060 - AERO 17 KE5,12350000,13000000,-5,PC portatiles
https://assets.jumpseller.com/store/tienda-gamer-medellin/themes/534705/placeholder-image-product-block_square.jpg?1696286846,HP GAMER,CORE I5 10300H + GTX 1650 TI 4GBS - HP GAMER,3610000,3800000,-5,PC portatiles
https://assets.jumpseller.com/store/tienda-gamer-medellin/themes/534705/placeholder-image-product-block_square.jpg?1696286846,HUAWEI MATE,CORE I7 1165G7 + IRIS + 3K TOUCH - ULTRA SLIM - HUAWEI,5700000,6000000,-5,PC portatiles
https://assets.jumpseller.com/store/tienda-gamer-medellin/themes/534705/placeholder-image-product-block_square.jpg?1696286846,LENOVO,RYZEN 3 5300U + AMD GRAPHICS - LENOVO ,1596000,1680000,-5,PC portatiles
https://assets.jumpseller.com/store/tienda-gamer-medellin/themes/534705/placeholder-image-product-block_square.jpg?1696286846,MSI MODERN,CORE I5 1155G7 + IRIS XE - MSI MODERN,2736000,2880000,-5,PC portatiles
https://assets.jumpseller.com/store/tienda-gamer-medellin/themes/534705/placeholder-image-product-block_square.jpg?1696286846,MSI,CORE I5 13420H + RTX 4050 - MSI KATANA,7030000,7400000,-5,PC portatiles
https://assets.jumpseller.com/store/tienda-gamer-medellin/themes/534705/placeholder-image-product-block_square.jpg?1696286846,MSI,CORE I5 12450H + RTX 4060 - CYBORG MSI,7220000,7600000,-5,PC portatiles
https://assets.jumpseller.com/store/tienda-gamer-medellin/themes/534705/placeholder-image-product-block_square.jpg?1696286846,MSI,CORE I5 12500H + RTX 3060 - MSI KATANA,7600000,8000000,-5,PC portatiles
https://assets.jumpseller.com/store/tienda-gamer-medellin/themes/534705/placeholder-image-product-block_square.jpg?1696286846,MSI,CORE I7 13620H + RTX 3050 - KATANA MSI,7790000,8200000,-5,PC portatiles
https://assets.jumpseller.com/store/tienda-gamer-medellin/themes/534705/placeholder-image-product-block_square.jpg?1696286846,MSI KATANA,CORE I7 12700H + RTX 3060 - MSI KATANA,7980000,8400000,-5,PC portatiles
https://assets.jumpseller.com/store/tienda-gamer-medellin/themes/534705/placeholder-image-product-block_square.jpg?1696286846,MSI KATANA,CORE I7 13620H + RTX 4070 - MSI KATANA,10070000,10600000,-5,PC portatiles
https://assets.jumpseller.com/store/tienda-gamer-medellin/themes/534705/placeholder-image-product-block_square.jpg?1696286846,REDRAGON,KIT DE SWITCHES CRYSTAL MECANICOS - REDRAGON,190000,200000,-5,Teclados
https://assets.jumpseller.com/store/tienda-gamer-medellin/themes/534705/placeholder-image-product-block_square.jpg?1696286846,CORSAIR,COMBO 4 EN 1 GAMING BUNDLE - CORSAIR,513000,540000,-5,Teclados
https://assets.jumpseller.com/store/tienda-gamer-medellin/themes/534705/placeholder-image-product-block_square.jpg?1696286846,REDRAGON,COMBO / 4 EN 1 ELITE BASIC - REDRAGON,361000,380000,-5,Teclados
https://assets.jumpseller.com/store/tienda-gamer-medellin/themes/534705/placeholder-image-product-block_square.jpg?1696286846,GXT,COMBO 4 EN 1 / BUNDLE TRUST - GXT,228000,240000,-5,Teclados
https://assets.jumpseller.com/store/tienda-gamer-medellin/themes/534705/placeholder-image-product-block_square.jpg?1696286846,RAZER,COMBO / 3 EN 1 - BATTLE BUNDLE - RAZER,399000,420000,-5,Teclados
https://assets.jumpseller.com/store/tienda-gamer-medellin/themes/534705/placeholder-image-product-block_square.jpg?1696286846,RAZER, COMBO / 3 EN 1 BUNDLE VIPER MINI - RAZER,437000,460000,-5,Teclados
https://assets.jumpseller.com/store/tienda-gamer-medellin/themes/534705/placeholder-image-product-block_square.jpg?1696286846,COOLER MASTER,COMBO / 2 EN 1 DUO RGB - COOLER MASTER,285000,300000,-5,Teclados
https://assets.jumpseller.com/store/tienda-gamer-medellin/themes/534705/placeholder-image-product-block_square.jpg?1696286846,CORSAIR,COMBO / 2 EN 1 GAMING HARPOON - CORSAIR,361000,380000,-5,Teclados
https://assets.jumpseller.com/store/tienda-gamer-medellin/themes/534705/placeholder-image-product-block_square.jpg?1696286846,CORSAIR,COMBO / 2 EN 1 KATAR GAMING PRO - CORSAIR,380000,400000,-5,Teclados
https://assets.jumpseller.com/store/tienda-gamer-medellin/themes/534705/placeholder-image-product-block_square.jpg?1696286846,COUGAR,COMBO / 2 EN 1 DEATHFIRE EX - COUGAR,323000,340000,-5,Teclados
https://assets.jumpseller.com/store/tienda-gamer-medellin/themes/534705/placeholder-image-product-block_square.jpg?1696286846,REDRAGON,COMBO /  2 EN 1 CHROMA ELITE - REDRAGON,323000,340000,-5,Teclados
https://assets.jumpseller.com/store/tienda-gamer-medellin/themes/534705/placeholder-image-product-block_square.jpg?1696286846,RAZER,COMBO / 2 EN 1 ABYSUS + CYNOSA - RAZER,304000,320000,-5,Teclados
https://assets.jumpseller.com/store/tienda-gamer-medellin/themes/534705/placeholder-image-product-block_square.jpg?1696286846,REDRAGON,COMBO / 2 EN 1 RGB ESSENCIAL - REDRAGON,228000,240000,-5,Teclados
https://assets.jumpseller.com/store/tienda-gamer-medellin/themes/534705/placeholder-image-product-block_square.jpg?1696286846,GXT,COMBO / 2 EN 1 AZOR MULTICOLOR - GXT,190000,200000,-5,Teclados
https://assets.jumpseller.com/store/tienda-gamer-medellin/themes/534705/placeholder-image-product-block_square.jpg?1696286846,MSI,COMBO / 2 EN 1 VIGOR WHITE DRAGON - MSI,361000,380000,-5,Teclados
https://assets.jumpseller.com/store/tienda-gamer-medellin/themes/534705/placeholder-image-product-block_square.jpg?1696286846,REDRAGON,COMBO / 2 EN 1 KUMARA RGB - REDRAGON,342000,360000,-5,Teclados
https://assets.jumpseller.com/store/tienda-gamer-medellin/themes/534705/placeholder-image-product-block_square.jpg?1696286846,WOLF SOUL,COMBO 3 EN 1 / ELITE BLACK - WOLF SOUL,209000,220000,-5,Teclados
https://assets.jumpseller.com/store/tienda-gamer-medellin/themes/534705/placeholder-image-product-block_square.jpg?1696286846,WOLF SOUL,COMBO 3 EN 1 / ELITE WHITE - WOLF SOUL,209000,220000,-5,Teclados
https://assets.jumpseller.com/store/tienda-gamer-medellin/themes/534705/placeholder-image-product-block_square.jpg?1696286846,REDRAGON,COMBO / 3 EN 1 - SPECIAL WHITE - REDRAGON,532000,560000,-5,Teclados
https://assets.jumpseller.com/store/tienda-gamer-medellin/themes/534705/placeholder-image-product-block_square.jpg?1696286846,FANTECH,COMBO / 3 EN 1 BUNDLE - FANTECH,228000,240000,-5,Teclados
https://assets.jumpseller.com/store/tienda-gamer-medellin/themes/534705/placeholder-image-product-block_square.jpg?1696286846,VSG,COMBO /  3 EN 1 PYXIS RGB - VSG,266000,280000,-5,Teclados
https://assets.jumpseller.com/store/tienda-gamer-medellin/themes/534705/placeholder-image-product-block_square.jpg?1696286846,,SEEKER MERA EDITION MECA MEMBRANA - XPG,247000,260000,-5,Teclados
https://assets.jumpseller.com/store/tienda-gamer-medellin/themes/534705/placeholder-image-product-block_square.jpg?1696286846,ROCCAT,MAGMA MECA MEMBRANA ARGB - ROCCAT,323000,340000,-5,Teclados
https://assets.jumpseller.com/store/tienda-gamer-medellin/themes/534705/placeholder-image-product-block_square.jpg?1696286846,ROCCAT,MAGMA MINI MECAMEMBRANA ARGB - ROCCAT,285000,300000,-5,Teclados
https://assets.jumpseller.com/store/tienda-gamer-medellin/themes/534705/placeholder-image-product-block_square.jpg?1696286846,ROCCAT,VULCAN 2 MAX PRO RGB WHITE - ROCCAT,1121000,1180000,-5,Teclados
https://assets.jumpseller.com/store/tienda-gamer-medellin/themes/534705/placeholder-image-product-block_square.jpg?1696286846,,MECANICO RGB MANDALORIAN - STARWARS,361000,380000,-5,Teclados
https://assets.jumpseller.com/store/tienda-gamer-medellin/themes/534705/placeholder-image-product-block_square.jpg?1696286846,BLACK SHARK,SIXGILL K1 MECANICO RGB TKL - BLACK SHARK,266000,280000,-5,Teclados
https://assets.jumpseller.com/store/tienda-gamer-medellin/themes/534705/placeholder-image-product-block_square.jpg?1696286846,BLACK SHARK,SIXGILL K2 RGB MECANICO - BLACK SHARK,342000,360000,-5,Teclados
https://assets.jumpseller.com/store/tienda-gamer-medellin/themes/534705/placeholder-image-product-block_square.jpg?1696286846,GENIUS GX,SCORPION K8 RGB SEMI MECANICO - GENIUS GX,209000,220000,-5,Teclados
https://assets.jumpseller.com/store/tienda-gamer-medellin/themes/534705/placeholder-image-product-block_square.jpg?1696286846,GENIUS GX,TECLADO GAMER K220 RGB - GENIUS GX,152000,160000,-5,Teclados
https://assets.jumpseller.com/store/tienda-gamer-medellin/themes/534705/placeholder-image-product-block_square.jpg?1696286846,GENIUS GX,TECLADO GAMER K215 RGB - GENIUS GX,142500,150000,-5,Teclados
https://assets.jumpseller.com/store/tienda-gamer-medellin/themes/534705/placeholder-image-product-block_square.jpg?1696286846,FANTECH,MAXFIT 60% RGB - FANTECH,323000,340000,-5,Teclados
https://assets.jumpseller.com/store/tienda-gamer-medellin/themes/534705/placeholder-image-product-block_square.jpg?1696286846,FANTECH,MAXPOWER WHITE MECANICO RGB - FANTECH,323000,340000,-5,Teclados
https://assets.jumpseller.com/store/tienda-gamer-medellin/themes/534705/placeholder-image-product-block_square.jpg?1696286846,FANTECH,MAXPOWER BLACK MECANICO RGB - FANTECH,323000,340000,-5,Teclados
https://assets.jumpseller.com/store/tienda-gamer-medellin/themes/534705/placeholder-image-product-block_square.jpg?1696286846,FANTECH, MAXPOWER ROSA MECANICO RGB - FANTECH,323000,340000,-5,Teclados
https://assets.jumpseller.com/store/tienda-gamer-medellin/themes/534705/placeholder-image-product-block_square.jpg?1696286846,FANTECH,TECLADO SAKURA PINK FIGHTER 2 - FANTECH,190000,200000,-5,Teclados
https://assets.jumpseller.com/store/tienda-gamer-medellin/themes/534705/placeholder-image-product-block_square.jpg?1696286846,REDRAGON,SIREN RGB MECANICO ED. LIMITADA - REDRAGON,399000,420000,-5,Teclados
https://assets.jumpseller.com/store/tienda-gamer-medellin/themes/534705/placeholder-image-product-block_square.jpg?1696286846,REDRAGON,RUDRA FULL MECANICO RGB - REDRAGON,266000,280000,-5,Teclados
https://assets.jumpseller.com/store/tienda-gamer-medellin/themes/534705/placeholder-image-product-block_square.jpg?1696286846,REDRAGON,HORUS TKL INALAMBRICO RGB - REDRAGON,399000,420000,-5,Teclados
https://assets.jumpseller.com/store/tienda-gamer-medellin/themes/534705/placeholder-image-product-block_square.jpg?1696286846,REDRAGON, FIZZ LUNAR DAWN RGB - REDRAGON,361000,380000,-5,Teclados
https://assets.jumpseller.com/store/tienda-gamer-medellin/themes/534705/placeholder-image-product-block_square.jpg?1696286846,REDRAGON,FIZZ BLACK MECANICO RGB - REDRAGON,361000,380000,-5,Teclados
https://assets.jumpseller.com/store/tienda-gamer-medellin/themes/534705/placeholder-image-product-block_square.jpg?1696286846,,FIZZ SAKURA LOLLIPOP RGB - REDRAGON,361000,380000,-5,Teclados
https://assets.jumpseller.com/store/tienda-gamer-medellin/themes/534705/placeholder-image-product-block_square.jpg?1696286846,REDRAGON,KUMARA RGB MECANICO WHITE - REDRAGON,304000,320000,-5,Teclados
https://assets.jumpseller.com/store/tienda-gamer-medellin/themes/534705/placeholder-image-product-block_square.jpg?1696286846,REDRAGON,KUMARA RGB MECANICO - REDRAGON,304000,320000,-5,Teclados
https://assets.jumpseller.com/store/tienda-gamer-medellin/themes/534705/placeholder-image-product-block_square.jpg?1696286846,REDRAGON,SHIVA RGB - REDRAGON,247000,260000,-5,Teclados
https://assets.jumpseller.com/store/tienda-gamer-medellin/themes/534705/placeholder-image-product-block_square.jpg?1696286846,REDRAGON,SHIVA RGB WHITE - REDRAGON,247000,260000,-5,Teclados
https://assets.jumpseller.com/store/tienda-gamer-medellin/themes/534705/placeholder-image-product-block_square.jpg?1696286846,REDRAGON,HARPE PRO RGB - REDRAGON,171000,180000,-5,Teclados
https://assets.jumpseller.com/store/tienda-gamer-medellin/themes/534705/placeholder-image-product-block_square.jpg?1696286846,REDRAGON,DRAGON BORN MECANICO WHITE - REDRAGON,304000,320000,-5,Teclados
https://assets.jumpseller.com/store/tienda-gamer-medellin/themes/534705/placeholder-image-product-block_square.jpg?1696286846,REDRAGON,DITI MECANICO 1 MANO RGB - REDRAGON,285000,300000,-5,Teclados
https://assets.jumpseller.com/store/tienda-gamer-medellin/themes/534705/placeholder-image-product-block_square.jpg?1696286846,REDRAGON,HORUS MECANICO INALAMBRICO FULL - REDRAGON,475000,500000,-5,Teclados
https://assets.jumpseller.com/store/tienda-gamer-medellin/themes/534705/placeholder-image-product-block_square.jpg?1696286846,REDRAGON,NOCTIS MECANICO USB RGB - REDRAGON,361000,380000,-5,Teclados
https://assets.jumpseller.com/store/tienda-gamer-medellin/themes/534705/placeholder-image-product-block_square.jpg?1696286846,REDRAGON,NOCTIS PRO MEC RGB INALAMBRICO - REDRAGON,418000,440000,-5,Teclados
https://assets.jumpseller.com/store/tienda-gamer-medellin/themes/534705/placeholder-image-product-block_square.jpg?1696286846,REDRAGON,DRAGON BORN RGB MECANICO - REDRAGON,285000,300000,-5,Teclados
https://assets.jumpseller.com/store/tienda-gamer-medellin/themes/534705/placeholder-image-product-block_square.jpg?1696286846,REDRAGON,YAMA WHITE RGB MECANICO - REDRAGON,399000,420000,-5,Teclados
https://assets.jumpseller.com/store/tienda-gamer-medellin/themes/534705/placeholder-image-product-block_square.jpg?1696286846,REDRAGON,VATA PRO OPTIC MECANICO RGB - REDRAGON,494000,520000,-5,Teclados
https://assets.jumpseller.com/store/tienda-gamer-medellin/themes/534705/placeholder-image-product-block_square.jpg?1696286846,REDRAGON,YAMA RGB MECANICO - REDRAGON,437000,460000,-5,Teclados
https://assets.jumpseller.com/store/tienda-gamer-medellin/themes/534705/placeholder-image-product-block_square.jpg?1696286846,REDRAGON,DEIMOS RGB MECANICO 70% - REDRAGON,399000,420000,-5,Teclados
https://assets.jumpseller.com/store/tienda-gamer-medellin/themes/534705/placeholder-image-product-block_square.jpg?1696286846,REDRAGON,DARK AVENGER RGB MECANICO - REDRAGON,266000,280000,-5,Teclados
https://assets.jumpseller.com/store/tienda-gamer-medellin/themes/534705/placeholder-image-product-block_square.jpg?1696286846,REDRAGON,DYAUS 2 MULTICOLOR RGB - REDRAGON,190000,200000,-5,Teclados
https://assets.jumpseller.com/store/tienda-gamer-medellin/themes/534705/placeholder-image-product-block_square.jpg?1696286846,VSG,MINTAKA MECANICO RGB - VSG,304000,320000,-5,Teclados
https://assets.jumpseller.com/store/tienda-gamer-medellin/themes/534705/placeholder-image-product-block_square.jpg?1696286846,VSG,UNABOMBER ONE HAND - VSG,114000,120000,-5,Teclados
https://assets.jumpseller.com/store/tienda-gamer-medellin/themes/534705/placeholder-image-product-block_square.jpg?1696286846,VSG,QUASAR MECANICO RGB - VSG,266000,280000,-5,Teclados
https://assets.jumpseller.com/store/tienda-gamer-medellin/themes/534705/placeholder-image-product-block_square.jpg?1696286846,GXT,MAZZ MECANICO RGB - GXT,304000,320000,-5,Teclados
https://assets.jumpseller.com/store/tienda-gamer-medellin/themes/534705/placeholder-image-product-block_square.jpg?1696286846,GXT,ASTA RGB MECANICO - GXT,304000,320000,-5,Teclados
https://assets.jumpseller.com/store/tienda-gamer-medellin/themes/534705/placeholder-image-product-block_square.jpg?1696286846,COOLER MASTER,MECANICO RGB CK352 - COOLER MASTER,437000,460000,-5,Teclados
https://assets.jumpseller.com/store/tienda-gamer-medellin/themes/534705/placeholder-image-product-block_square.jpg?1696286846,HYPERX,MECANICO ALLOW MKW RGB - HYPERX,456000,480000,-5,Teclados
https://assets.jumpseller.com/store/tienda-gamer-medellin/themes/534705/placeholder-image-product-block_square.jpg?1696286846,HYPERX, ALLOW 60% RGB MECANICO - HYPERX,494000,520000,-5,Teclados
https://assets.jumpseller.com/store/tienda-gamer-medellin/themes/534705/placeholder-image-product-block_square.jpg?1696286846,HYPERX,ALLOW ORIGINS 65% RGB MECANICO - HYPERX,532000,560000,-5,Teclados
https://assets.jumpseller.com/store/tienda-gamer-medellin/themes/534705/placeholder-image-product-block_square.jpg?1696286846,HYPERX,ELITE ALLOW 2 RGB MECANICO - HYPERX,665000,700000,-5,Teclados
https://assets.jumpseller.com/store/tienda-gamer-medellin/themes/534705/placeholder-image-product-block_square.jpg?1696286846,RAZER,TECLADO 1 MANO ERGONOMICO - RAZER,532000,560000,-5,Teclados
https://assets.jumpseller.com/store/tienda-gamer-medellin/themes/534705/placeholder-image-product-block_square.jpg?1696286846,RAZER,ORNATA V3 X RGB - RAZER,285000,300000,-5,Teclados
https://assets.jumpseller.com/store/tienda-gamer-medellin/themes/534705/placeholder-image-product-block_square.jpg?1696286846,RAZER,ORNATA RGB BAJO PERFIL - RAZER,475000,500000,-5,Teclados
https://assets.jumpseller.com/store/tienda-gamer-medellin/themes/534705/placeholder-image-product-block_square.jpg?1696286846,RAZER,BLACKWIDOW V4 PRO RGB - RAZER,1330000,1400000,-5,Teclados
https://assets.jumpseller.com/store/tienda-gamer-medellin/themes/534705/placeholder-image-product-block_square.jpg?1696286846,RAZER,ORNATA V3 TENKENLESS RGB - RAZER,475000,500000,-5,Teclados
https://assets.jumpseller.com/store/tienda-gamer-medellin/themes/534705/placeholder-image-product-block_square.jpg?1696286846,RAZER,CYNOSA LITE RGB MECAMEMBRANA - RAZER,247000,260000,-5,Teclados
https://assets.jumpseller.com/store/tienda-gamer-medellin/themes/534705/placeholder-image-product-block_square.jpg?1696286846,RAZER,BLACKWIDOW V3 TKL RGB MECANICO - RAZER,646000,680000,-5,Teclados
https://assets.jumpseller.com/store/tienda-gamer-medellin/themes/534705/placeholder-image-product-block_square.jpg?1696286846,RAZER,BLACKWIDOW V3 RGB MECANICO - RAZER,684000,720000,-5,Teclados
https://assets.jumpseller.com/store/tienda-gamer-medellin/themes/534705/placeholder-image-product-block_square.jpg?1696286846,RAZER,BLACKWIDOW V3 PRO INALAMBRICO - RAZER,1444000,1520000,-5,Teclados
https://assets.jumpseller.com/store/tienda-gamer-medellin/themes/534705/placeholder-image-product-block_square.jpg?1696286846,RAZER,TECLADO HUNTSMAN V2 RGB - RAZER,988000,1040000,-5,Teclados
https://assets.jumpseller.com/store/tienda-gamer-medellin/themes/534705/placeholder-image-product-block_square.jpg?1696286846,RAZER,HUNTSMAN MINI 60% RGB - RAZER,646000,680000,-5,Teclados
https://assets.jumpseller.com/store/tienda-gamer-medellin/themes/534705/placeholder-image-product-block_square.jpg?1696286846,RAZER,TECLADO DEATHSTALKER V2 PRO INALAMBRICO - RAZER,1444000,1520000,-5,Teclados
https://assets.jumpseller.com/store/tienda-gamer-medellin/themes/534705/placeholder-image-product-block_square.jpg?1696286846,CORSAIR,K55 RGB PRO SEMI MECANICO - CORSAIR,304000,320000,-5,Teclados
https://assets.jumpseller.com/store/tienda-gamer-medellin/themes/534705/placeholder-image-product-block_square.jpg?1696286846,CORSAIR,K60 MECANICO RGB BAJO PERFIL - CORSAIR,342000,360000,-5,Teclados
https://assets.jumpseller.com/store/tienda-gamer-medellin/themes/534705/placeholder-image-product-block_square.jpg?1696286846,CORSAIR,K65 MINI 60% MECANICO RGB - CORSAIR,532000,560000,-5,Teclados
https://assets.jumpseller.com/store/tienda-gamer-medellin/themes/534705/placeholder-image-product-block_square.jpg?1696286846,COUGAR,VANTAR PINK AX SLIM RGB - COUGAR,304000,320000,-5,Teclados
https://assets.jumpseller.com/store/tienda-gamer-medellin/themes/534705/placeholder-image-product-block_square.jpg?1696286846,ASUS TUF,K1 RGB TUF GAMING - ASUS,247000,260000,-5,Teclados
https://assets.jumpseller.com/store/tienda-gamer-medellin/themes/534705/placeholder-image-product-block_square.jpg?1696286846,LOGI,TECLADO TOUCH WEBCAM SLIM - LOGI,304000,320000,-5,Teclados
https://assets.jumpseller.com/store/tienda-gamer-medellin/themes/534705/placeholder-image-product-block_square.jpg?1696286846,,K480 INALAMBRICO BLUTHOOTH - LOGI,247000,260000,-5,Teclados
https://assets.jumpseller.com/store/tienda-gamer-medellin/themes/534705/placeholder-image-product-block_square.jpg?1696286846,LOGI,PRODIGY G213 RGB - LOGI,361000,380000,-5,Teclados
https://assets.jumpseller.com/store/tienda-gamer-medellin/themes/534705/placeholder-image-product-block_square.jpg?1696286846,LOGI,INALAMBRICO G915 TKL BLACK / WHITE - LOGI,988000,1040000,-5,Teclados
https://assets.jumpseller.com/store/tienda-gamer-medellin/themes/534705/placeholder-image-product-block_square.jpg?1696286846,LOGI,TECLADO LOL RGB MECANICO - LOGI,627000,660000,-5,Teclados
https://assets.jumpseller.com/store/tienda-gamer-medellin/themes/534705/placeholder-image-product-block_square.jpg?1696286846,LOGI,G713 TKL USB MECANICO RGB - LOGI,912000,960000,-5,Teclados
https://assets.jumpseller.com/store/tienda-gamer-medellin/themes/534705/placeholder-image-product-block_square.jpg?1696286846,LOGI,G715 TKL INALAMBRICO MECANICO RGB - LOGI,988000,1040000,-5,Teclados
https://assets.jumpseller.com/store/tienda-gamer-medellin/themes/534705/placeholder-image-product-block_square.jpg?1696286846,LOGI,POP ROSA CHEESKEY TECLADO MECANICO - LOGI,475000,500000,-5,Teclados
https://assets.jumpseller.com/store/tienda-gamer-medellin/themes/534705/placeholder-image-product-block_square.jpg?1696286846,LOGI,POP FUNKY LILA / TECLADO MECANICO - LOGI,475000,500000,-5,Teclados
https://assets.jumpseller.com/store/tienda-gamer-medellin/themes/534705/placeholder-image-product-block_square.jpg?1696286846,LOGI,POP BLASTER YELLOW / TECLADO MECANICO - LOGI,475000,500000,-5,Teclados
https://assets.jumpseller.com/store/tienda-gamer-medellin/themes/534705/placeholder-image-product-block_square.jpg?1696286846,LOGI,G815 MECANICO RGB WHITE - LOGI,931000,980000,-5,Teclados
https://assets.jumpseller.com/store/tienda-gamer-medellin/themes/534705/placeholder-image-product-block_square.jpg?1696286846,LOGI,KDA RGB TECLADO MECANICO - LOGI,684000,720000,-5,Teclados
